generation,fitness,winrate,avg_money,v8_winrate,pop_vs_starter,pop_vs_hof,gate_vs_best,promoted,seconds
1,1.0058,0.769,77422,0.5,,,,True,179.3
2,0.6375,0.571,55063,0.5,,0.35,0.375,False,226.2
3,0.8602,0.765,63035,1.0,,0.45,0.875,True,238.7
4,0.8168,0.75,65527,0.5,,0.4,0.5,False,227.6
5,0.9394,0.833,69328,1.0,,0.55,1.0,True,231.9
6,0.8265,0.714,64646,1.0,,0.65,0.5,False,243.3
7,0.8451,0.75,59259,1.0,,0.425,0.5,False,249.9
8,0.93,0.824,60697,1.0,,0.425,0.75,True,253.2
9,0.8535,0.735,62812,0.5,,0.4,0.5625,True,250.2
10,0.8153,0.714,55295,1.0,,0.5,0.75,True,248.8
11,0.6967,0.611,61078,0.0,,0.2,0.375,False,248.8
12,0.8332,0.733,58069,1.0,,0.6,0.0,False,247.8
